ITEM_DESC,QUANTITY
#NAME?,1000.0
0,1.0
AAM PANNA,0.0
AAMRAS,50.0
ALASANDA VADA,400.0
ALFREDO PASTA,0.0
ALOO BONDA,2.0
ALOO CHUKKA,0.0
ALOO GOBI FRY,3.5
ALOO GOBI MASALA,12.5
ALOO MASALA FOR POORI,0.0
ALOO METHI,1.75
ALOO MUTTER,1.5
ALOO MUTTER KHORMA,0.0
ALOO MUTTER KORMA,0.0
ALOO OBI MASALA,2.0
ALOO PARATHA,0.0
ALOO SABZI GUJARATHI STYLE,2.5
ALOO TIKKA CHAT,120.0
ALOO TIKKI,0.0
ALOO TIKKI CHAAT,220.0
ALOO TIKKI CHOLE,0.0
AMBUR CHICKEN BRIYANI,5.0
AMBUR GOAT BRIYANI,11.0
AMBUR VEG BIRIYANI,0.0
AMBUR VEG BRIYANI,34.0
ANDHRA CHICKEN CURRY,8.5
ANDHRA GOAT CURRY,3.0
ANDHRA VEGETABLE KORMA,0.0
ANDRA CHICKEN,1.0
ANGOORI RABADI,80.0
ANTIPASTO PLATTER WITH OLIVES,0.0
APOLLO FISH,6.0
APPALAM,695.0
APPETIZER - GOBI PEPPER FRY,0.0
APPETIZER - KNOCK OUT CHICKEN,0.0
APPETIZER - MEDU VADA,100.0
APPETIZER - VEG CUTLET,40.0
APPETIZER :  MEDU VADA,600.0
APPETIZER I  GOBI PEPPER FRY,0.0
APPETIZER II CHILLI PANEER,0.0
APPLAM,235.0
ARACHUVITTA SAMBAR,1.0
ARBI FRY,2.0
ARTICHOKE AND SPINACH DIP,0.0
ASSORTED CHICKEN KEBAB,1.5
ASSORTED FRUIT &amp; CHEESE STATION,4.0
ASSORTED FRUIT AND CHEESE PLATER,0.0
ASSORTED FRUIT CUSTARD,0.0
ASSORTED FRUIT SALAD,45.0
ASSORTED KULFI - MINI,120.0
ASSORTED NAAN,300.0
ASSORTED NAAN BREAD,350.0
AVACADO LENTIL SALAD,10.0
AVARAKAI VEPPUDU,4.0
AVEREKAI - BROAD BEANS FRY,1.0
AVIAL,2.0
AVIYAL,20.0
AVOCADO DOSA,25.0
AVOCADO LASSI,125.0
BABY CORN MANCHURIAN,1.5
BADA NUTS HALWA,3.0
BADAM MILK,320.0
BADAM MILK - COLD,30.0
BADAM THANDAI,700.0
BAGARA ANNAM,0.0
BAGARA BAINGAN,0.0
BAINGAN BHARTA,5.0
BANANA,300.0
BAR TENDERS,2.0
BARBECUE MEAT BALLS,0.0
BARBECUE SWEDISH MEATBALLS,0.0
BASIL BRUSCHETTA W/TOASTED BREAD,0.0
BASIL SEED VINEGRETTE,0.0
BASMATI RICE,120.5
BASMATI RICE - COMPLIMENTARY,31.5
BEANS MEZHUKUPURATII,9.0
BEANS PARUPPU USILI,6.0
BEANS PARUPPU USLI,0.0
BEANS PARUPPUSILI,2.0
BEER,0.0
BEER - BLUE MOON,0.0
BEER AND WINE CORKAGE FEE,0.0
BEER- CORONA,0.0
BEERAKAYA CHUTNEY,0.0
BEET HALWA,0.0
BEETROOT PORIYAL,0.0
BEVERAGE STATION,0.0
BEZAWADA BONELESS CHICKEN BIRYANI,2.0
BHAI VEETU ENNAI KATHIRIKKAI MASALA,0.0
BHAJI,1.0
BHATURA,0.0
BHEL POORI,150.0
BHEL PURI,45.0
BHINDI FRY,27.0
BHINDI FRY GUJARATHI STYLE,2.5
BHINDI FRY WITH PEANUTS,6.0
BHINDI MASALA,20.75
BISIBELEBATH,41.75
BISIBELEBATH - NO ONION,0.0
BISSIBELLA BATH,0.0
BLUE CHEESE,0.0
BLUE LAGOON,170.0
BLUEBERRY KULFI,50.0
BOILED EGGS,0.0
BOMBAY BHEL - TRAY,25.0
BOMBAY LAMB CHOPS,165.0
BONELESS CHICKEN BIRIYANI,0.0
BONELESS CHICKEN BRIYANI,29.25
BOONDI RAITHA,0.0
BREAD (35 PARATHA AND 35 ROTI),70.0
"BREAD - 30 (10 GARLIC, 10 BUTTER AND 10 ROTI)",30.0
BREAD - BUTTER AND GARLIC BREAD,60.0
BREAD ROLLS,0.0
BRIYANI - ALOO DUM,0.0
BRIYANI - AMBUR CHICKEN,8.0
BRIYANI - AMBUR GOAT,12.25
BRIYANI - AMBUR VEG,26.5
BRIYANI - BONELESS CHICKEN,34.5
BRIYANI - GOBI 65,0.0
BRIYANI - GONGURA PANEER,2.0
BRIYANI - HYD MUSHROOM DUM,0.0
BRIYANI - HYDERABAD BONELESS CHICKEN,0.0
BRIYANI - HYDERABAD CHICKEN DUM,31.75
BRIYANI - HYDERABAD GOAT DUM,10.75
BRIYANI - HYDERABAD VEG DUM,26.75
BRIYANI - HYDERABADI EGG DUM,0.0
BRIYANI - JACKFRUIT DUM,4.5
BRIYANI - PANEER,2.0
BRIYANI - THALAPAKATTU CHICKEN,2.0
BRIYANI - THALAPAKATTU GOAT,6.25
BRIYANI - THALAPAKATTU VEG,10.0
BRIYANI - THALAPAKATTU VEG - BASMATI RICE,7.0
BRIYANI - THALAPAKATTU VEG - BIRYANI,1.0
BROWNIES,0.0
BRUSCHETTA CAPRESE,1.0
BULLET NAAN,280.0
BURNT GARLIC PANEER,0.0
BUTTER CHICKEN,76.83
BUTTER GARLIC GREEN BEANS,0.0
BUTTER MILK,3040.0
BUTTER MILK CHILLIES,0.0
BUTTER NAAN,5519.0
CABBAGE PORIYAL,0.0
CABBAGE THORAN,9.0
CAMPFIRE JERK CHICKEN,3.0
CAMPFIRE JERK CHICKEN WINGS,2.0
CAPSICUM POTATO MUSHROOM GRAVY,2.5
CARB VARUVAL,0.0
CAROT AND CABBAGE PORIYAL,6.0
CARROT - BEANS PORIYAL,0.0
CARROT BEAND PORIYAL,5.0
CARROT CABBAGE PORIYAL,2.0
CARROT HALWA,24.5
CASHEW PANEER CURRY,1.5
CASHEW TIKKA MASAL,0.0
CEYLON PAROTA,0.0
CHAI,100.0
CHAMPAGNE - 1.75 LTR,0.0
CHANNA DAL FRY,0.0
CHANNA MASALA,90.0
CHANNA MASALA (VEGAM),1.0
CHAPPATHI,600.0
CHAPPATI,7315.0
CHAPTHAI,150.0
CHAT STATION - BOMBAY BHEL,5.0
CHAT STATION - PAANI POORI,500.0
CHAWLI BEAN SUBZI GUJARAT,2.0
CHEESE SPINACH NAAN,24.0
CHEESECAKE,0.0
CHEFS SPECIAL CHICKEN CURRY,0.0
CHENNAI BEACH SUNDAL,6.0
CHETINAD VEG KORMA,1.0
"CHETTINAD CURRY - SHREDDED PANNER, SOYA AND MIXED FRESH VEGETABLES",0.0
CHETTINAD EGG CURRY,0.0
CHETTINAD FRIED RICE,0.0
CHETTINAD GOAT CURRY,3.0
CHETTINAD KAI KURUMA,3.0
CHETTINAD PANEER CASHEW CURRY,3.0
CHICKEN - TIKKA MASALA,0.0
CHICKEN 65,104.75
CHICKEN ALONE - FOR BUTTER CHICKEN,1.0
CHICKEN BUTTER MASALA,0.0
CHICKEN CHETTINAD,6.0
CHICKEN CHOWMEIN,0.0
CHICKEN CHUKKA,18.0
CHICKEN CHUKKA - DRY,4.0
CHICKEN COMBO,52.0
CHICKEN CUTLET,330.0
CHICKEN DHANIWAL,7.0
CHICKEN DUM BRIYANI,15.0
CHICKEN FRIED RICE,3.0
CHICKEN GRAVY - THIGH MEAT,0.0
CHICKEN HAKKA NOODLES,7.5
CHICKEN JALFERAZI,0.0
CHICKEN JALFREZI,5.5
CHICKEN KATI ROLL,350.0
CHICKEN KOOBIDEH,0.0
CHICKEN KOTHU PAROTA,4.5
CHICKEN LOLLIPOP,835.0
CHICKEN LUMPIA,0.0
CHICKEN MALAI KORMA,0.0
CHICKEN MANCHURIAN,2.5
CHICKEN MARSALA,0.0
CHICKEN PARMASEAN MARINARA PASTA,0.0
CHICKEN PEPPER FRY,5.5
CHICKEN PULAO,2.0
CHICKEN SAAG,0.0
CHICKEN SALNA,1.0
CHICKEN SEEKH KEBAB,3.0
CHICKEN SHEEH KEBAB,5.0
CHICKEN SPECIAL COMBO,65.0
CHICKEN STRIPS      WITH HONEY MUSTARD SAUCE,0.0
CHICKEN TACO,100.0
CHICKEN TIKKA,12.5
CHICKEN TIKKA - LIVE,5.0
CHICKEN TIKKA MASALA,33.75
CHICKEN VARUTHA KURMA,0.0
CHICKEN VINDALOO,2.0
CHIKKUDU FRY,0.0
CHIKOO HALWA,14.5
CHILI BABY CORN,25.5
CHILI GARLIC MUSHROOM,11.5
CHILLI CHICKEN,26.0
CHILLI CHICKEN IN SAUCE,0.0
CHILLI FISH,0.0
CHILLI GARLIC MUSHROOM,0.0
CHILLI GARLIC NAAN,155.0
CHILLI GARLIC NOODLES,1.5
CHILLI GARLIC SHRIMP,3.0
CHILLI PAKODA,0.0
CHILLI PANEER,83.5
CHILLI PAROTA,8.0
CHILLI PEPPER SHRIMP,4.0
CHINESE BHEL,0.0
CHINESE EGG ROLLS,0.0
CHITTI GARELU,150.0
CHOCOLATE FONDUE,7.0
CHOCOLATE FOUNTAIN,0.0
CHOLE,1.0
CHOW CHOW  KOOTU,6.0
CHUR CHUR NAAN,82.0
CHUTNEY,0.0
CHUTNEY - COCONUT,15.5
CHUTNEY - MANGO,0.0
CHUTNEY - MINT,0.1
CHUTNEY - PEANUT,11.5
CHUTNEY - TAMARIND,1.1
CHUTNEY - TOMATO,12.5
CHUTNEY 1,0.0
CHUTNEY II,0.0
CHUTNEY III,0.0
CLINATRO PULAO,4.0
COASTAL FISH CURRY,3.0
COCKTAIL SAMOSA - MINI SAMOSA,1385.0
COCONUT BURFI,1.0
COCONUT CHUTNEY,48.6
COCONUT CHUTNEY - COMPLIMENTARY,0.0
COCONUT MILK,0.0
COCONUT RICE,0.0
COCONUT SEVAI,0.0
COFFEE,3815.0
COLDCUT SANDWICHES,0.0
COMBO BOX - CHICKEN,243.0
COMBO BOX - VEG,300.0
COMBO BOX - VEGETARIAN,172.0
COMPLIMENTARY WHITE RICE,8.0
CORN PEPPER FRY,1.0
CRAB  MASALA  1/2 TRAY,1.0
CROSSIANTS,120.0
CROWN ROYAL WHISKEY,0.0
CUCUMBER RAITHA,0.0
CURD,1.0
CURD RICE,90.75
CURD RICE WITH GRAPES,0.0
CURRY LEAF CHICKEN,0.0
CURRY LEAVES CHICKEN,2.0
CURRYLEAF CHICKEN,1.0
CUSTARD,0.0
CUT FRUITS,0.0
CUT MIRCHI,23.75
CUTLERY,35.0
CUTLERY ITEMS DISPOSABLE,0.0
CUTLERYS,0.0
CUTLET CHAAT,250.0
CUTLET CHAT,650.0
CUTLET CHAT IN A TAWA,30.0
Chicken Seekh Kebab,3.0
DAAL MAKHNI,3.0
DAAL PALAK,0.0
DABELI,140.0
DAHI VADA,2605.0
DAL BUKHARA,6.0
DAL MAKHANI,48.5
DAL MAKKHANI,0.0
DAL TADKA,88.0
DAL TAKDKA,0.0
DELIVERY,0.0
DELIVERY &amp; SET UP,0.0
DELIVERY AND SET UP,0.0
DELIVERY AND SETUP,4.0
DELIVERY SET UP REFILL AND CLEANUP,0.0
DESERT - GULAB JAMUN,70.0
DESERT - HOT DESERT (CHIKOO HALWA),0.0
DESERT - ORANGE DELIGHT,30.0
DESERT - PAAN KULI,70.0
DHAHI VADA,140.0
DHAI VADA,3.0
DHOKLA,140.0
DINDIGUL VEGETABLE BIRYANI,4.0
DINDUGAL VEG BRIYANI WITH BREAD,0.0
DINDUGAL VEG BRIYANI WITH FRESH VEG AND BREAD TOAST,0.0
DINNER ROLLS,0.0
DIWANI HANDI,5.0
DOUBLE KA MEETHA,31.0
DOUBLE KA META,0.0
DRUMSTICK SAMBAR,1.0
DUM ALOO,5.0
Dal Tadka,1.0
EGG - PALIN,0.0
EGG CURRY,0.0
EGG FRIED RICE,0.0
EGG HAKKA NOODLES,0.0
EGG KOTHU PAROTA,1.0
EGG ROLLS                          WITH SWEET N SOUR SAUCE,0.0
EGGPLANT FRY,1.0
EGGPLANT KORMA,4.0
EGGPLANT PULUSU,2.5
ENNAI KATHIRIKAI,5.0
ENNAI KATHIRIKAI KOLAMBU,0.0
ENNAI KATHIRIKAI KOZAHMBU,0.0
ENNAI KATHIRIKAI KOZHAMBU,0.0
ERISSERY,9.0
FALAFEL,1000.0
FALOODA,1030.0
FILTER COFFEE,100.0
FISH CURRY,0.0
FISH CUTLET,0.0
FISH FRY,4.0
FISH FRY TILAPIA,2.0
FRENCH ROLL,0.0
FRENCH SILK PIE,0.0
FRESH BAKED ROLLS,0.0
FRIED CALAMARI,3.0
FRIED CHILLI (16 OZ),2.0
FRIED CURD CHILLI,300.0
FRIED MORZERELLA STICKS,0.0
FRIED RAVIOLI,1.0
FROZEN VEGETABLE CUTLET,546.0
FRUIT AND CHEESE BOARD,0.0
FRUIT CHAT,2.0
FRUIT CUSTARD,0.0
FRUIT N CHESSE TRAY,0.0
FRUIT PUNCH,555.0
FRUIT SALAD,4.0
FRYOMS,0.0
FRYUMS,500.0
FRYUMS / APPALAM,0.0
GARDEN SALAD,1.0
GARLIC BREAD,50.0
GARLIC BUTTER BRUSSLE SPROUTS,0.0
GARLIC FRIED RICE,1.0
GARLIC KULCHA,0.0
GARLIC N CHEESE POTOTOES,0.0
GARLIC NAAN,4961.0
GELATO ICECREAM,50.0
GERMAN CHOCOLATE CAKE,0.0
GHEE,0.0
GHEE ROAST MUTTON,1.5
GINGER CHUTNEY,0.0
GINGER TEA,50.0
GOAT BRIYANI,2.5
GOAT CHETTINAD,18.0
GOAT CHUKKA,17.6
GOAT KEEMA DUM BIRAYNI,4.0
GOAT KIDNEY KATA KAT,1.0
GOAT KORMA,1.0
GOAT PAYA,2.0
GOAT ROGAN JOSH,11.5
GOAT VINDALOO,3.5
GOBI 555,0.0
GOBI 65,27.5
GOBI MANCHURIAN,101.75
GOBI MANCHURIAN - LIVE,5.0
GOBI MANCHURIAN GRAVY,0.0
GOBI MANCHURIEN,3.0
GOBI PEPPER FRY,140.75
GOL GAPPE,0.0
GONGURA CHICKEN,13.0
GONGURA GOAT,0.0
GOUTI VEKKAYA,0.0
GREEK SALAD,6.0
GREEK SALAD(GREEN SA;LAD),0.0
GREEN BEAN ALMANDINE,0.0
GREEN BEANS ALMANDIE,0.0
GREEN BEANS ALMANDINE,0.0
GREEN CHILIES AND ONIONS,0.0
GREEN SALAD,2.0
GRILLED ATLANTIC SALMON,0.0
GRILLED SALMON,0.0
GRILLED SALMON          LOBSTER BISQUE,0.0
GRILLED SCALLOPS,0.0
GUJARATI KADI,7.5
GULAB JAMUN,14664.0
GUTHI VEKKAYA,1.0
GUTHI VEKYA,1.0
GUTTI VEKKAYA,52.25
GUTTI VENKAYA,2.5
GUTTI VENKAYA CURRY,1.5
GUTTI VENKAYA STUFFED FRY,0.0
GUVA CHUTNEY,1.0
GUVA DELIGHT,100.0
Gobi Pepper Fry,0.0
Green Mango Drink,100.0
Grilled Paneer Tikka,0.0
HALWA - BADA NUTS,3.0
HALWA - BADAM,4.5
HALWA - BEETROOT,0.0
HALWA - CARROT,12.0
HALWA - CHIKOO,1.0
HALWA - MOONG DAL,0.0
HARA BHARA KEBAB,1535.0
HARIYALI MURG KEBAB,10.5
HARIYALI PANEER,0.0
HARIYALI PANEER TIKKA,5.0
HERB ROAST POTATO WEDGES,0.0
HERBED NEW POTATO,0.0
HICKORY SMOKED TURKEY BREAST,0.0
HONG KONG - CHICKEN FRIED RICE,0.0
HONG KONG CHICKEN FRIED RICE,0.0
HOT SAUCE,0.0
"HOT TEA (BLACK, JASMINE AND GREEN)",50.0
HUMMUS,3.0
HUMMUS - REGULAR AND HALAPEENO,3.0
HUMMUS AND PITA BREAD,160.0
HYD. CHICKEN DUM BRIYANI,0.0
HYDERABAD CHICKEN DUM BRIYANI,76.25
HYDERABAD GOAT DUM BIRYANI,16.5
HYDERABAD VEG DUM BRIYANI,42.0
HYDERABAD VEG DUM BRIYANI - 1,0.0
HYDERABAD VEG DUM BRIYANI - 2,0.0
HYDERABADI EGG DUM BIRYANI,0.0
ICE CREAM,0.0
ICE TEA,0.0
IDIYAPPAM,250.0
IDLI,9915.0
IDLI PODI AND OIL,0.0
IDLY,70.0
INDIAN SALAD,0.0
INDIAN SWEETS,225.0
INDIVIDUAL PACKING AND DELIVERY,0.0
JACK DANIELS,0.0
JACK FRUIT BRIYANI,0.0
JACK FRUIT DUM BRIYANI,2.0
JACKFRUIT BRIYANI,2.0
JACKFRUIT DUM BIRYANI,6.0
JAL JEERA,385.0
JALAPENEO HUMMUS,6.0
JALEBI,500.0
JALEBI WITH RABRI,800.0
JALJEERA,150.0
JEERA CHICKEN WINGS,1.0
JEERA PAPAD,750.0
JEERA PULAO,5.0
JEERA PULAO RICE,19.0
JEERA RICE,89.0
JILEBI,750.0
Jeera Pualo,0.0
Jelabi,0.0
KACHORI,340.0
KACHUMBER SALAD,0.0
KADAI CHICKEN,0.0
KADAI EGG MASALA,0.0
KADAI MUSHROOM,2.5
KADAI PANEER,21.5
KADAI VEG,3.0
KADAI VEGETABLES,16.0
KADAI VEGETBALES,2.5
KADALA CURRY TAMILNADU STYLE,3.0
KADAMBAM SAMBAR RICE,0.0
KADHI PAKORA,1.0
KAIMA IDLI,0.0
KAL DOSAI,776.0
KALA JAMUN,500.0
KALAKHAND,125.0
KALAN,9.0
KALYANA PAYASAM,2.0
KARA KOZHAMBU,6.0
KARA KULAMBU,0.0
KARAIKUDI CHICKEN,0.0
KARAIKUDI CHICKEN KORMA,24.0
KARAIKUDI VEGETABLE KORMA,3.0
KARAMPODI CHICKEN,1.0
KASHMIRE SAFFRON PULAO,3.0
KASHMIRI PUALO,0.0
KASHMIRI PULAO,0.0
KASHMIRI SAFFRON PULAO,68.0
KASHMIRI VEG PULAO,1.0
KATHIRIKAI KARA KOLAMBU,1.0
KATI ROLL - CHICKEN,0.0
KATI ROLL - PANEER,472.0
KATI ROLL-PANEER,385.0
KERALA CHICKEN CURRY,1.0
KERALA FRIED RICE,0.0
KESAR RASAMALAI,120.0
KESARI,0.0
KETCH UP,1.0
KETCHUP,2.5
KICHADI,2.0
KNOCK OUT CHICKEN,0.0
KNOCKOUT CHICKEN,106.5
KNOCKOUT SHRIMP FRY,2.0
KNOCKOUT1/2CHICKEN,0.0
KOBBARANNAM WITH PEAS,2.5
KOBI BATETA NU SHAAK,2.0
KOOTU,0.0
KOZHI VARUTHA CURRY,0.0
KULFI,21.0
KULFI (40 PAAN + 60 MALAI),0.0
KULFI - MALAI,75.0
KULFI - MALAI (MINI SIZE),300.0
KULFI - MANGO,500.0
KULFI - MANGO (MINI SIZE),75.0
KULFI - PAAN,1495.0
KULFI - PAAN (MINI SIZE),500.0
KULFI - PISTACIO,20.0
KULFI - PISTACIO (MINI SIZE),475.0
KULFI - STRAWBERRY (MINI SIZE),0.0
Kadai Paneer,1.0
Kulfi - Malai,547.0
Kulfi - Mango (Mini Size),40.0
Kulfi - Paan (Mini Size),40.0
Kulfi - Pistacio,150.0
Kulfi - Pistacio (Mini Size),40.0
Kulfi - Strawberry,12.0
LACHA PAROTA,65.0
LADDU,300.0
LAMB CHETTINAD,2.0
LAMB CHOPS,3746.0
LAMB CHUKKA,1.5
LAMB CURRY,0.0
LAMB KORMA,0.0
LAMB ROGAN JOSH,16.5
LAMB TIKKA MASALA,0.0
LAMB VINDALOO,8.0
LEMON / TOMATO RASAM,2.0
LEMON PEPPER  WINGS,0.0
LEMON PEPPER PANEER TIKKA,0.0
LEMON RICE,1.0
LEMON SEVAI,0.0
LEMONADE,280.0
LENTIL SALAD,1.0
LIME &amp; LEMON GREEN SALAD,1.0
LIVE - CHILI BABY CORN,0.0
LIVE - DOUBLE KA MEETHA,2.0
LIVE - GOAT CHUKKA,0.0
LIVE - GOBI MANCHURIAN,0.0
LIVE - MINI VEG CUTLET CHAAT,150.0
LIVE - PAANI POORI,0.0
LIVE -CHILLI CHICKEN,0.0
LIVE : PAANI PURI VODKA SHOT,1000.0
LIVE CARVING BEEF TENDERLION,0.0
LIVE COUNTER - SAMOSA CHOLE CHAAT,0.0
LIVE COUNTER - TIKKI  CHAAT,0.0
LIVE JALEBI STATION,75.0
LIVE STATION,511.0
LIVE STATION  - HAKKA NOODLES,175.0
LIVE STATION - ALOO POORI,180.0
LIVE STATION - ALOO TIKKI CHAAT,0.0
LIVE STATION - CHILLI PANNER,175.0
LIVE STATION - CHOLE BHATURA,95.0
LIVE STATION - CHOLE BHATURA - BULK RATE,200.0
LIVE STATION - DAHI BHALLE,0.0
LIVE STATION - DOSA,5921.0
LIVE STATION - DOSA - BULK RATE,1730.0
LIVE STATION - GOBI MANCHURIAN,175.0
LIVE STATION - GOL GAPPE,28.0
LIVE STATION - JALEBI,400.0
LIVE STATION - JALEBI (BULK RATE),0.0
LIVE STATION - KNOCK OUT CHICKEN,175.0
LIVE STATION - NAAN,75.0
LIVE STATION - NAAN - BULK RATE,1975.0
LIVE STATION - PAAN,0.0
LIVE STATION - PAANI POORI (8 PCS PER PERSON),0.0
LIVE STATION - PAANI PURI,1225.0
LIVE STATION - PANI PURI,1000.0
LIVE STATION - PAV BHAJI,80.0
LIVE STATION - POMFRET FISH FRY,175.0
LIVE STATION - RAVA DOSA,0.0
LIVE STATION - SAMOSA CHOLE CHAAT,0.0
LIVE STATION - SAMOSA CHOLE CHAT,75.0
LIVE STATION - TANDOORI NON-VEG APPETIZER,0.0
LIVE STATION - TANDOORI VEG APPETIZER,0.0
LIVE STATION - VEG PAKORA,75.0
LIVE STATION -RAVA DOSA,100.0
LIVE STATION CHARGES FOR POORI AND PANEER,0.0
LNL SENSATION,1835.0
LNL VEG SALAD,0.0
LUMPIA,0.0
MAC AND CHESSE,0.0
MACALLAN,0.0
MADRAS CHICKEN CURRY,25.0
MADRAS COFFEE,0.0
MADRAS VEG BIRAYNI,0.0
MAGO PAPPU,1.0
MAHARASTRIAN POTATOES,0.0
MAIN COURSE 1,0.0
MAIN COURSE II,0.0
MAIN COURSE III,0.0
MAIN ENTREE -  DAL TADKA,0.0
MAIN ENTREE - ALOO GOBI MASALA,0.0
MAIN ENTREE - BUTTER CHICKEN,0.0
MAIN ENTREE - KARAIKUDI CHICKEN KURUMA,0.0
MAIN ENTREE - LAMB CHOPS,100.0
MAIN ENTREE - MANGO LIME PANEER,0.0
MAIN ENTREE - MANGO LIME TOFU,0.0
MAJJIGA MIRAPAKAAYALU,0.0
MALABAR FISH CURRY,9.5
MALAI - MINI SIZE,0.0
MALAI BHALLE (DHAI PURI) L,150.0
MALAI KOFTA,111.0
MALAI KULFI - MINI SIZE,50.0
MALAI KULFI80,140.0
MANCHURIAN BALLS,2.5
MANGO CHUTNEY,3.0
MANGO CUSTARD WITH FRUITS,1.0
MANGO DAL,5.0
MANGO DAL (MAMIDIKAYA PAPPU),9.0
MANGO HALWA,3.0
MANGO KESARI,10.0
MANGO KULFI,0.0
MANGO LASSI,3821.0
MANGO LIM4E PANEER,0.0
MANGO LIME CHICKEN,16.5
MANGO LIME CHICKEN (MAIN COURSE),0.0
MANGO LIME FISH,0.0
MANGO LIME LAMB,0.0
MANGO LIME PANEER,88.75
MANGO LIME POTATO,0.0
MANGO LIME TOFU,1.0
MANGO LIME VEGETABLES,0.0
MANGO MINT LEMONADE,125.0
MANGO MOUSSE,6.0
MANGO PACHADI,2.0
MANGO PAPPU,13.0
MANGO PICKLES,0.0
MANGO PUDDING,3.0
MANGO RICE,0.0
MANGO THUVAIL,4.0
MARATHA KAJA,125.0
MASAL TEA,0.0
MASALA  DOSAI,50.0
MASALA BHATH,0.0
MASALA CHAI,7342.0
MASALA DOSAI,50.0
MASALA PEANUT,0.0
MASALA PEANUTS,1.0
MASALA TEA WITH SUGAR,30.0
MASALA VADA,4611.0
MASALE BHAT,10.0
MASHED POTATO,0.0
MATAR PANEER,0.0
MATCHSTICK OKRA,0.0
MEADOWMONT MANGO,860.0
MEADOWMONT SENSATION,25.0
MEDHU VADA,8530.0
MEDITERRANEAN STATION,600.0
MELAGAI RASAM,0.0
MELAGU RASAM,6.0
METHI CHAMAN,0.0
METHI CHICKEN,0.0
METHI CHICKEN CURRY,0.0
METHI MALAI PANEER,2.5
METHI MUTTER PANNER,1.0
METHI PULAO,0.0
MILK APPAM,180.0
MINI IDLI,800.0
MINI MEDHU VADA,60.0
MINI MEDHUVADA,300.0
MINI ONION UTHAPPAM,45.0
MINI PAAN KULFI,100.0
MINI SAMOSA,4380.0
MINI VEG CUTLET,400.0
MINI VEG UTHAPPAM,1700.0
MINI VEGETABLE CUTLET,635.0
MINT BASIL NAAN,173.0
MINT CHUTNEY,7.0
MINT MOJITO,320.0
MINT MOJITO WATERMELON,230.0
MINT RICE,3.0
MINT SAUCE,0.0
MIRCHI BAJJI,0.0
MIRCHI KA SALAN,9.0
MIRCHI KA SALNA,0.0
MIX VEG PAKKODA,0.0
MIXED CHICKEN KEBAB,0.0
MIXED GRILL PLATER,2.0
MIXED GRILLED PLATTER,0.0
MIXED KULFI,75.0
MIXED KULFI - MINI SIZE,175.0
MIXED VEG KEBAB,0.0
MIXED VEG PAKODA,59.5
MIXED VEG PAKORA,0.0
MIXED VEGETABLE CURRY,4.0
MIXED VEGETABLE JALFRAZIE,2.0
MIXED VEGETABLE PORIYAL,1.0
MIXED VEGETABLE SABZI,1.0
MOCKTAIL,300.0
MOHABBAT KA SHARBAT,0.0
MOONG AND CHANNA SPROUTS,5.0
MOONG DAL HALWA,5.5
MOONG HALWA,1.5
MOONGDAL HALWA,0.0
MOOR MILAGAI,0.0
MOORE MILAGAI,798.0
MOORE MILAGAI - 150 NUMBER,0.0
MORE KULAMBU,0.0
MORE MELAGAI,5.0
MORU KOLUMBU,0.0
MOZERELLA FRIES,0.0
MOZZARELLA CHEESE STICKS,0.0
MUFFINS,120.0
MURG MALAI KEBAB,10.5
MUSHROOM PEPPER FRY,4.0
MUTTA LAPPA,120.0
MUTTER ALOO,1.5
MUTTER PANEER,0.0
MUTTER PANNER,21.0
MUTTER TOFU,0.0
MUTTON CHUKKA,0.0
MYSORE BONDA,5005.0
MYSORE MASALA DOSA,0.0
MYSORE PAK,0.0
Malai Koftha,2.0
NAAN,66.0
NAAN (15 GARLIC AND 15 BUTTER),30.0
NAAN - ALOO KULCHA,6.0
NAAN - BULLET,59.0
NAAN - BUTTER,1770.0
NAAN - CHEESE SPINACH,0.0
NAAN - CHUR CHUR,12.0
NAAN - GARLIC,933.0
NAAN - MINT BASIL,2.0
NAAN - ONION KULCHA,6.0
NAAN - PAROTA,40.0
NAAN - PESHWARI,3.0
NAAN - PLAIN,223.0
NAAN - ROMALI ROTI,60.0
NAAN - ROSEMARY,0.0
NAAN - TANDOORI ROTI,35.0
NAAN ON SITE,0.0
NACHOS,1.0
NAMKEEN LASSI,0.0
NASHVILLE HOT CHICKEN WINGS,0.0
NAVARATNA KORMA,0.0
NAVRATAN KORMA,10.75
NAWAB GOAT CURRY,2.0
NAWABI GOAT,0.0
NEI,0.0
NEW YORK CHEESECAKE,0.0
NEY APPAM,60.0
NILGIRI CHICKEN KORMA,1.0
NILIGIRI CHICKEN KORMA,2.0
NIMBU PAANI,300.0
NON VEG APPETIZER I - KNOCKOUT CHICKEN / MIXED GRILLED CHICKEN,1.0
NON VEG APPETIZER II - TANDOOR SHIRMP,0.0
NON VEG COMBO,70.0
NONE,1.0
NOODLES,2.0
NYC CHEESECAKE,0.0
OKRA KARA KUZHMBU,0.0
OLD MONK BEER 10000,3.0
ONION AND SPINCH PAKODA,0.0
ONION KULCHA,13.0
ONION PACADI,1.0
ONION PAKODA,10.5
ONIONS,0.0
ONIONS AND CHILLI,2.0
ONIONS AND CHILLY,0.0
ONIONS AND CHILLY - COMPLIMENTARY,1.0
ONIONS LEMONS AND CHILLY,0.0
ORANGE DELIGHT,759.0
PAAL PAYASAM,9.0
PAAN KULFI,3427.0
PAAN KULFI - MINI SIZE,2415.0
PAAN SHOT,4.0
PAANI POORI,630.0
PAANI POORI (CRISPY BALL SHOT),0.0
PAANI POORI (LIVE COUNTER),0.0
PAANI POORI - LIVE,400.0
PAANI POORI SHOOTERS,200.0
PAANI PURI,150.0
PAAV BHAJI,2130.0
PAAV BHAJI (LIVE COUNTER),0.0
PACHADI,0.0
PALAK PANEER,4.0
PAMFRET FISH,2.0
PAN SERED SALMON WITH BEURRE BLANC,0.0
PANAGAM,300.0
PANCHKUTIYU SHAAK,3.0
PANEE TIKKA MASALA,2.0
PANEER BIRIYANI,2.0
PANEER BRIYANI,3.5
PANEER BRUSHETTA,150.0
PANEER BUTTER MASALA,59.5
PANEER BUTTER MASALA (MAIN COURSE),0.0
PANEER CHETTINAD,1.0
PANEER CHUKKA,29.5
PANEER CHUKKA 1 AND VEG BIRYANI - 2 ORDERS,0.0
PANEER DARBAR,3.0
PANEER DUM BIRYANI,0.0
PANEER JALFRAZI,0.0
PANEER JALFREZI,0.0
PANEER KATI ROLL,415.0
PANEER LABABDAR,0.0
PANEER MAKHANI,12.0
PANEER MAKHANI - ORDER,0.0
PANEER MAKKANI,0.0
PANEER MANCHURIAN,1.5
PANEER PAKORA,0.0
PANEER PASANDA,0.0
PANEER SABJI,0.0
PANEER TACO,100.0
PANEER TIKKA,52.5
PANEER TIKKA - LIVE,5.0
PANEER TIKKA MASALA,112.5
PANEER TIKKA MASALA - MILD,0.0
PANEER TIKKA WITH VEGIES,6.0
PANEER TIKKA WITH VEGS,6.0
PANJABI PICKLES,0.0
PANNER  MAKKHANI,0.0
PANNER KATHI ROLL,20.0
PANNER MAKHNI,0.0
PAPAD,9722.0
PAPDI AND PAPAD MIX TOGETHER,190.0
PAPDI AND PAPAD MIXED,140.0
PAPDI CHAAT,704.0
PAPPAD,530.0
PAPPAD -,200.0
PAPPAD - COMPLIMENTARY,871.0
PAPPAD CONE,200.0
PAPPU CHARU,2.0
PARIPPU CURRY,9.0
PAROTA,2720.0
PARRUPPU PAYASAM,0.0
PARUPPU PAYASAM,6.0
PARUPPU URUNDAI KOZHAMBHU,0.0
PARUPPU USILI,0.0
PASTA (PANEER AND PEAS WITH ALFERODO AND PARMESAN CREAMY),8.0
PASTHA,0.0
PAV BHAJI,560.0
PAV BUN,50.0
PAYASAM,27.0
PEANUT CHUTNEY,3.0
PEAS AND CUMIN RICE,0.0
PEAS PULAO,12.5
PEPPER CHICKEN,1.0
PEPSI,0.0
PESHWARI NAAN,900.0
PICKLE,0.0
PICKLE BAR,1.0
PICKLE FRIES,0.0
PICKLES,83.1
PICKLES -,0.0
PICKLES - 12 OZ,0.75
PICKLES - 16 OZ,91.0
PIGS IN A BLANKET,0.0
PINA COLADA - NON ALCOHOLIC,230.0
PINEAPPLE KESARI,36.5
PINEAPPLE PACHADI,18.0
PISTACIO - MINI SIZE,0.0
PISTACIO KULFI,380.0
PISTACIO KULFI - MINI SIZE,0.0
PITA BREAD,100.0
PLAIN NAAN,711.0
PLAIN RICE,0.0
PLAIN RICE - SONA MASOORI,0.0
PLAIN SAAG,0.0
PLAIN YOGURT,8.0
PLAINTAIN FRY,0.0
PLANTAIN BHAJI,360.0
"PLATES, SPOONS, ETC",0.0
PLOMA SUNRISE,0.0
PODI IDLY,6.0
POHA,5.0
POLI,30.0
POMERGRANATE RAITHA,2.5
POMFRET FISH FRY,0.0
PONGAL,8.0
POORI,2495.0
POORI MASALA,13.0
PORIYAL,1.0
PORIYAL - 1,0.0
PORIYAL - 2,0.0
POTATO BONDA,0.0
POTATO CURRY,0.0
POTATO FRY,0.0
POTATO MASALA FOR POORI,2.0
POTATO PEAS GOBI KURMA,0.0
POTATO PEAS PORIYAL,0.0
POTATO SPINACH SABZI,0.0
POTATO VARUVAL,0.0
POTATO VARUVAL FRY,39.0
PUALO,0.0
PUDINA RICE,2.5
PULIHORA,41.5
PULIHORA RICE,0.0
PULKA,275.0
PUNUGULU,1925.0
PURAN POLI,2310.0
Paan,100.0
Potato And Onion Kulcah,40.0
RABRI,3.0
RAGADA PATTIS,45.0
RAGI ROTI,0.0
RAITHA,92.0
RAITHA - CURD PACHADI,0.0
RAITHA - NON DIARY,1.0
RAITHA - PACHADI,1.0
RAITHA - SOUR (NOT SWEET),0.0
RAJPURI BHINDI,3.0
RASAM,28.0
RASAMALAI,8490.0
RASGULLA,0.0
RASMALAI,0.0
RED ONION CHUTNEY,3.0
RED WINE,0.0
REGULAR AND SPICY TAHINI,3.0
REGULAR TAHINI AND SPICY,3.0
RICE,0.0
RICE - BASMATI,59.5
RICE - BISIBELEBATH,0.0
RICE - CASHMERE SAFFRON PULAO,0.0
RICE - SONA MASOORI,0.0
RICE - VEG SCHEZWAN FRIED RICE,0.0
RICE KHEER,9.25
ROAST BEEF,0.0
ROAST HERB BEEF,0.0
ROASTED INSIDE ROUND OF BEEF,0.0
ROASTED PORK TENDERLOIN,0.0
ROMALI ROTI,523.0
ROOMALI  ROTI,1.0
ROSE MILK,100.0
ROSEMARY JUS,0.0
ROSEMARY NAAN,80.0
ROUNDELS OF CUCUMBER WITH SHRIMP,0.0
Raitha,0.0
SAAG CHANNA,0.0
SAAG PANEER,16.25
SAAG TOFU,0.0
SABUDANA KHICHDI,0.0
SAHI PANEER,1.0
SALAD,65.0
"SALAD (ONION, TOMATO, CUCUMBER)",0.0
SALAD - SPROUTS SALAD,0.0
SALAD IN A TAWA,0.0
SALAD SOUTH INDIAN,2.0
SALMON MALABAR CURRY,0.0
SALMON TIKKA MASALA,2.0
SALNA,2.0
SALNA - COMPLIMENTARY,1.0
SALNA FOR KOTHU PAOTA,0.0
SALNA FOR KOTHU PAROTA,0.0
SALSA,1.0
SAMBAR,163.0
SAMBAR (VEGAN),1.0
SAMBAR COMPLIMENTARY,4.0
SAMBAR VADAI - SMALL SIZE,100.0
SAMOSA,13671.0
SAMOSA - MINI,325.0
SAMOSA CHAAT,2119.0
SAMOSA CHAT,205.0
SAMOSA CHOLE CHAAT,630.0
SAMOSA TIKKI CHOLE CHAAT,0.0
SAMOSA VEG CUTLET,20.0
SARSAN KA SAAG,2.0
SCHEZWAN EGG FRIED RICE,0.0
SCHEZWAN FRIED RICE,17.0
SEERAGA SAMBA VEG BIRIYANI,2.0
SEERAGA SAMBA VEG BRIYANI,1.5
"SEMIYA CURD BATH WITH NUTS, GRAPES AND POMEGRANTE",0.0
SEMIYA PAYASAM,12.5
SEMIYA UPMA,1.0
SERVERS,19.0
SETUP,0.0
SEVERS,0.0
SHAAHI PANEER,18.0
SHAAM SAVERA,20.5
SHAHI DAL,1.0
SHAHI PANEER,0.0
SHAHI TUKDA,0.0
SHAM SAVERA,0.0
SHIRAZI SALAD,0.0
SHIRLE TEMPLE,70.0
SHRIKHAND,3.5
SHRIMP 65,27.5
SHRIMP CHUKKA,0.0
SHRIMP COCKTAIL,0.0
SHRIMP CURRY,4.0
SHRIMP FRIED RICE,0.0
SHRIMP PULAO,2.0
SIDE - MINT CHUTNEY,0.0
SIDE - RAITHA,0.0
SIDE - TAMRIND CHUTNEY,0.0
SIDES - MINT CHUTNEY,0.0
SIDES - RAITHA,0.0
SIDES - TAMARIND CHUTNEY,0.0
SIDES - TAWA VEGETABLES,1.0
SIRLION STAKE CARVING STN                ROSEMARY JUS,0.0
SLIDERS,0.0
SMALL PUNUGULU,500.0
SMASHED POTATOES (GARLIC  PARMESAN),0.0
SNAKEGOURD KOOTU,0.0
SORKAYA CURRY,3.0
SOUP - PINOY TINOLA,0.0
SOUP - VEG MANCHOW,0.0
SOUP - VEG MANCHURIAN,0.0
SOUP- PINTO TINOLA,0.0
SOUTH INDIA VEGETABLE KORMA,1.0
SOUTH INDIAN VEGETABLE KORMA,0.0
SOYA CHAAP,18.0
SOYA CHOPS,7.75
SPANISH BHEL,4.5
SPINACH DAL,9.0
SPINACH KARA VADAI,400.0
SPINACH PAKODA,40.0
SPROUTED MOONG CHAT,1.0
SPROUTS SALAD,2.0
STRAWBERRY KULFI,325.0
STRAWBERRY LASSI,680.0
STRAWBERRY MOUSSE,3.0
STRAWBERRY SHOTCAKE,0.0
STREE VEG FRIED RICE,1.5
STUFFED MUSHROOM,3.0
SWEET COCONUT MILK,1.5
SWEET ICED TEA,30.0
SWEET LASSI,30.0
SWEET PAAN,830.0
SWEET PONGAL,0.0
SWEET TEA,0.0
SWEET TEA/UNSWEET TEA,0.0
SWEET THAI CHICKEN APPETIZER,0.0
TABOULI SALAD,6.0
TAHINI SAUCE,0.0
TAMARIND CHUTNEY,4.0
TAMARIND RICE,0.0
TAMRIND CHUTNEY,0.0
TANDOOR CHICKEN,0.0
TANDOORI CHICKEN,574.0
TANDOORI CHICKEN TIKKA,0.0
TANDOORI GRILL-VEG KEBAB,200.0
TANDOORI MIXED PLATTER,0.0
TANDOORI PLATER,0.0
TANDOORI ROTI,1015.0
TANDOORI SALMON,290.0
TANDOORI SHRIMP,7.5
TANDOORI VEGETABLES,8.0
TANDROORI STATION - HARIYALI MURG KEBAB,2.5
TANDROORI STATION - PANEER TIKKA KAATI ROLL,300.0
TANDROORI STATION - TANDOORI CHICKEN WINGS,0.0
TAVA VEGETABLES,0.0
TAWA CHICKEN,8.0
TAWA FISH FRY,471.0
TAWA FRIED VEGETABLES,0.0
TAWA HALWA,2.0
TAWA PULAO,0.0
TAWA SABJI,5.0
TAWA VEGETABLES,1.5
TEA,250.0
TEQUILA - LUNAZUL,0.0
THALAPAKATTU CHICKEN BRIYANI,10.0
THALAPAKATTU GOAT BIRIYANI,0.0
THALAPAKATTU GOAT BRIYANI,8.5
THALAPAKATTU VEG BRIYANI,18.75
THALAPAKATTU VEG BRIYANI - BASMATI RICE,0.0
THALAPAKATTU VEG BRIYANI - BASMATI RICEASMATI RICEASMATI,1.5
THALAPAKATTU VEG BRIYANI WITH BASMATI RICE,5.0
THALAPAKKATTU  VEG BRIYANI,1.5
THAYIR PACHADI,6.0
THAYIR SATHAM,4.0
TIKKI CHOLE CHAAT,100.0
TINDORA FRY,33.25
TINDORA FRY WITH NUTS,6.0
TITOS VODKA,0.0
TOFU TIKKA MASALA,0.0
TOFU VINDALOO,23.0
TOM YUM CHICKEN SOUP,0.0
TOMATO CHUTNEY,15.6
TOMATO CHUTNEY - COMPLIMENTARY,0.0
TOMATO DAL,3.0
TOMATO KAJU CURRY,2.5
TOMATO KETCH UP,0.0
TOMATO KETCHUP,1.0
TOMATO ROTI PACHADI,0.0
TOMATO SOUP,2100.0
TOMATO UTHAPPAM,0.0
TRUFFLE PARMESAN NAAN,0.0
ULAVUCHARU,0.0
UNDHIYU,3.0
UNSWEET ICE TEA,0.0
UPMA,32.5
URAD DAL VADIYAMS,150.0
URUNDAI KOZHUMBU,1.0
VADA CURRY,1.75
VADA PAV,120.0
VADAI CURRY,602.5
VADIYALU,400.0
VANGI BATH,0.0
VANILLA ICE CREAM,350.0
VARIETY RICE - BAGARA ANNAM,0.0
VARIETY RICE - BISIBELEBATH,23.0
VARIETY RICE - CHICKEN FRIED RICE,0.0
VARIETY RICE - COCONUT RICE,3.0
VARIETY RICE - CURD RICE,29.0
VARIETY RICE - EGG FRIED RICE,0.0
VARIETY RICE - GHEE RICE,2.0
VARIETY RICE - JEERA PULAO,2.0
VARIETY RICE - JEERA RICE,23.5
VARIETY RICE - KASHMIRI SAFFRON PULAO,17.5
VARIETY RICE - KASHMIRI VEG PULAO,5.0
VARIETY RICE - KICHADI (SOUTH INDIAN),0.0
VARIETY RICE - LEMON RICE,0.0
VARIETY RICE - MINT RICE,6.0
VARIETY RICE - PEAS PULAO,0.0
VARIETY RICE - PONGAL,0.0
VARIETY RICE - PULIHORA,0.0
VARIETY RICE - RAJU GARI VEG PULAO,0.0
VARIETY RICE - SCHEZWAN FRIED,3.0
VARIETY RICE - SWEET PONGAL,0.0
VARIETY RICE - TAHDIG RICE,0.0
VARIETY RICE - TAMARIND RICE,0.0
VARIETY RICE - TOMATO RICE,0.0
VARIETY RICE - VAANGI BATH,0.0
VARIETY RICE - VEG FRIED RICE,1.0
VARIETY RICE - VEG PULAO,9.0
VARIETY RICE - VEG PULAO RICE,1.0
VARIETY RICE - VEG PULAORICE,1.5
VARIETY RICE - VEN PONGAL,1.0
VATHA KOLUMBU,0.0
VATHA KOZHAMBHU,0.0
VATHA KOZHAMBU,0.0
VATHAL KUZHAMBU,0.0
VAZHAKAI FRY,5.0
VEG - MYSORE BONDA,0.0
VEG - SAMOSA CHAAT,235.0
VEG APPETIZER I - VEG MANCHURIAN BALLS,1.0
VEG APPETIZER II  - VEG SAMOSA,70.0
VEG BIRYANI,0.0
VEG BRIYANI,0.0
VEG BRIYANI WITH BREAD TOAST,0.0
VEG BURRITO,150.0
VEG CHOWMEIN,13.0
VEG COMBO,88.0
VEG CRUDITE,0.0
VEG CUTLET,0.0
VEG CUTLET CHAAT,470.0
VEG DAAL,1.0
VEG DAL,1.0
VEG DUM BRIYANI,58.5
VEG FRIED RICE,28.0
VEG HAKKA NOODLES,68.5
VEG HAKKA NOODLES - LIVE,5.0
VEG HAKKA NOODLES - STREET STYLE,1.0
VEG JALFRAZI,0.0
VEG KATI ROLL,70.0
VEG KEBAB,0.0
VEG KOOTU,0.0
VEG KORMA,20.0
VEG KOTHU PARATHA,0.0
VEG KOTHU PAROTA,14.5
VEG KURMA,4.0
VEG KURUMA,0.0
VEG MANCHURIAN,2.0
VEG MANCHURIAN BALLS,37.5
VEG MANCHURIAN BALLS (DRY),100.0
VEG MANCHURIAN BALLS - GRAVY,0.0
VEG MANCHURIAN GRAVY,7.0
VEG MANCURIEN,5.0
VEG MEDLEY,0.0
VEG MOMO,0.0
VEG PASTA,4.5
VEG PULAO,46.0
VEG SANDWICH,0.0
VEG SPECIAL COMBO,13.0
VEG SPRING ROLL,475.0
VEGETABLE  SALAD,0.0
VEGETABLE CHETTINAD,0.0
VEGETABLE CRUDITE,0.0
VEGETABLE CUTLET,4865.0
VEGETABLE JALFREZI,34.0
VEGETABLE KORMA,21.5
VEGETABLE KORMA (MAIN COURSE),0.0
VEGETABLE KORMA - NO ONIONS,0.0
VEGETABLE MANCHURIAN,0.0
VEGETABLE MEDLEY,0.0
VEGETABLE STEW,2.5
VEN PONGAL,10.5
VENDIKKAI PULI KOZHAMBU,10.0
VENDIKKAI PULI THOKKU,0.0
VILLAGE CHICKEN CURRY,37.5
VILLAGE FISH CURRY,0.0
VIRGIN  MOJITO,400.0
VIRGIN BLUE LAGOON,100.0
VIRGIN BLUE MOJITO,25.0
VIRGIN INDIAN MULE,75.0
VIRGIN MOJITO,475.0
Veg Hakka Noodles,1.0
Village Chicken Curry,2.0
WATER BOTTLE - 8 OZ,0.0
WATERMELON MOCKTAILS,250.0
WELCOME DRINK,250.0
WELCOME DRINK  - FRUIT PUNCH / MANGO LASSI / STRAWBERRY LASSI,70.0
WHISKY - GLENFIDDICH,0.0
WHITE RICE,44.0
WHITE WINE,0.0
YAM FRY,4.0
YOGURT,0.0
ZAFFRANI PULAO,1.0
